name,address,city,zip,lat,lng,hours_text,id_required,drive_thru,spanish,serves_zips,phone,website,date_verified
Frisco Family Services Food Pantry,9085 Dogwood St,Frisco,75033,33.150829,-96.817868,"Mon-Fri 9am-5pm (Wed to 6pm); apply at office first, case manager appointment",yes,,,Frisco city + Frisco ISD,(972) 335-9495,https://friscofamilyservices.org,
Heart of the City Frisco (mobile),25631 Smotherman Rd,Frisco,75034,33.163342,-96.884915,1st & 3rd Sat 9-11am,,yes,,,(972) 824-6171,https://heartofthecitylewisville.com/locations,
NTX Community Food Pantry,5201 S Colony Blvd Suite 650,The Colony,75056,33.084312,-96.879102,Mon 9am-12pm; Wed 9am-2pm; Thu 4:30-6:30pm,,,,,(469) 514-9065,,
The Storehouse of Metro Relief,,The Colony,75056,,,Call for hours,no,,,,(214) 705-3555,,
Little Elm Area Food Bank,501 Bill St,Little Elm,75068,33.151384,-96.946148,Mon 9am-4pm; Thu 9am-4pm; Fri 9am-12pm; 5 visits/yr,,,no,Little Elm ISD area,(972) 294-4061,,2026-09-28
Building The Bridges: Feed My Sheep,520 Lobo Ln,Little Elm,75068,33.152212,-96.942882,Wed 10am-2pm,,,,,,,
Living Word Family Resource Center,,Little Elm,75068,,,Call for hours,,,,,(469) 362-9010,,
Christian Community Action (CCA),200 S Mill St,Lewisville,75057,33.044809,-96.994092,Mon-Fri by appointment,,,,,(972) 436-4357,https://www.ccahope.org,2026-09-28
Salvation Army Lewisville,880 Fox Ave,Lewisville,75067,33.034793,-97.009768,"Tue & Thu 9-11:30am, 1:30-3:30pm",,,,,(972) 353-9400,https://salvationarmyntx.org/north-texas/lewisville/,2026-09-28
Heart of the City - Mill St,2021 N Mill St,Lewisville,75057,33.07421,-97.01067,Tue 2-6pm; Thu 10am-1pm; Sat 9-11am (appointment),,,,,(972) 824-6171,https://heartofthecitylewisville.com/locations,2026-09-28
Heart of the City - Main St,1569 W Main St,Lewisville,75067,33.042377,-97.033394,Mon 2-4pm; Wed 3-5pm; Sat 9-11am (appointment),,,,,(972) 824-6171,https://heartofthecitylewisville.com/locations,2026-09-28
Westside Baptist Church,900 Bellaire Blvd,Lewisville,75067,33.027436,-97.010328,"Jan-Oct 4th Sat, Nov-Dec 2nd Sat, 8am-12pm",,,,,(972) 221-5668,,2026-09-28
Boys & Girls Club Lewisville,1001 S Edmonds Ln,Lewisville,75067,33.036021,-97.01018,Tue & Thu 3:30-6pm (appointment),,,,,(817) 442-7278,,2026-09-28
Heart of the City Carrollton (mobile),1407 Walnut St,Carrollton,75006,32.955243,-96.902886,"2nd & 4th Sat 9-11am, no appointment",no,yes,,,(972) 824-6171,https://heartofthecitylewisville.com/locations,2026-09-28
Metrocrest Services,1145 N Josey Ln,Carrollton,75006,32.955351,-96.890325,Mon-Fri 8:30am-3pm; Sat 9am-1pm,yes,,,"Carrollton, Addison, Farmers Branch, Coppell, 75287",(972) 446-2100,https://metrocrestservices.org,
Heartland Church (Grace Bridge),4020 Nazarene Dr,Carrollton,75010,33.01408,-96.944021,1st Sat 11am-1pm,,yes,,Collin/Denton/Grayson county,(972) 253-4797,,
Lake Dallas community pantry,300 E Hundley Dr,Lake Dallas,75065,33.122509,-97.025496,Tue & Thu 10am-1pm; 1st Sat 10am-12pm,,,,,(940) 321-6100,,
Salvation Army Denton,1508 E McKinney St,Denton,76201,33.215787,-97.113428,Wed & Fri 9:30-11:30am (drive-through),,yes,,,(940) 566-3800,https://salvationarmyntx.org/north-texas/alleviate-hunger/,2026-09-28
Denton Community Food Center,306 N Loop 288 Suite 400,Denton,76209,,,"Mon & Wed 10:30am-12:15pm, appointment only; 1 visit/month",,,yes,,(940) 382-0807,https://www.dentoncfc.org/,2026-09-28
First Refuge Ministries,1701 Broadway St,Denton,76201,33.222493,-97.149928,Mon 9-11:45am; Wed 1-3:45pm; Thu 6-7:45pm; once/30 days,,,,,(940) 484-4384,,2026-09-28
Vision Ministries,626 Wainwright St,Denton,76201,33.208968,-97.131707,Mon-Thu 12-4pm,,,,,(940) 297-6860,,
Denton Freedom House Food Pantry,1123 Fort Worth Dr,Denton,76205,33.192409,-97.140057,Mon-Thu 1-4pm; Fri 11am-2pm,,,,,(940) 808-1016,,
Asbury Relief Ministry (ARM),117 Hercules Ln,Denton,76201,33.25498,-97.130251,1st/3rd Mon 6-7:30pm; 2nd/4th Mon 10am-12pm,,,,,(940) 387-6487,,2026-09-28
Denton Wesley Foundation,1501 Maple St,Denton,76201,33.208193,-97.148609,Thu 11am-2pm or appointment,,,,,(940) 382-3813,,2026-09-28
Living Water Ministry - Lifegate Church,3350 Deerwood Pkwy,Denton,76208,33.249391,-97.091883,"Tue 9am-12pm, appointment only",,,,,(940) 382-8500,,
Grace Bridge Denton,5800 N Interstate 35 Suite 303,Denton,76207,33.251877,-97.176862,3rd Sat 10-11am,,yes,,Collin/Denton/Grayson county,(940) 243-5433,,
Neighbors Nourishing Neighbors (N3),3125 S Coit Rd Bldg 170,Celina,75009,,,Tue & Thu 9am-3pm; Sat 9am-1pm; appointment,,,,"Prosper, Celina + nearby",(469) 296-8877,https://www.n3foodpantry.org/,2026-09-28
Grace Bridge Celina,319 W Walnut St,Celina,75009,33.324059,-96.786599,"1st & 3rd Sat 9am-12pm, appointment",,yes,,Collin/Denton/Grayson county,(214) 425-9423,,2026-09-28
Community Food Pantry of McKinney,307 Smith St,McKinney,75069,,,Mon-Wed 11am-3:30pm; Thu 11am-6:30pm; Fri 10am-12:30pm,yes,,,"McKinney, Anna, Melissa, Princeton",(972) 547-4404,https://www.community-foodpantry.org/,2026-09-28
The Samaritan Inn Food Pantry,1601 N Waddill St Suite 102,McKinney,75069,33.212388,-96.625831,Tue-Thu 10am-2:45pm (closed 1-1:30); Fri 9am-1:45pm,yes,,yes,McKinney,(972) 542-5302,https://saminn.org/food-pantry/,2026-09-28
Salvation Army McKinney,600 Wilson Creek Pkwy,McKinney,75069,33.185774,-96.624715,Mon & Wed 9:30-11:30am,,,,,(972) 542-6694,https://salvationarmyntx.org/north-texas/alleviate-hunger/,2026-09-28
McKinney First Baptist Church (mobile),401 W Erwin Ave,McKinney,75069,33.207752,-96.612877,3rd Sat 9-11am,no,,,,,,2026-09-28
McKinney Little Free Pantry,110 E Davis St,McKinney,75069,33.195965,-96.613115,24/7 take what you need,no,,,,,,
Revolution Church Food Pantry,,McKinney,75070,,,1st Sat of month,,,,,(214) 856-4338,,
All Community Outreach (ACO),801 E Main St,Allen,75002,33.100553,-96.652653,Tue & Thu 9am-6pm; Fri 12-2pm curbside; appointment,yes,yes,,Collin County,(972) 727-9131,https://www.acocares.org/need-help/,2026-09-28
Allen Food Pantry (St. Jude),1515 N Greenville Ave,Allen,75002,33.118707,-96.65091,Mon & Thu 6:30-8pm; Tue & Fri 9:30-11:30am; Sat 9:30am-12pm,,,yes,"Allen, Fairview, Lucas",,,
First Baptist Church Allen,201 E McDermott Dr,Allen,75002,33.101072,-96.668643,Tue 10-11:30am; Wed 6-7:30pm; Sun 4-5:30pm,,,,"Allen, Fairview, Lucas",(972) 727-8241,,
Minnie's Food Pantry,661 18th St Suite 116,Plano,75074,33.024243,-96.707052,Wed-Sat 8:30-11:30am; closed 5th Sat,yes,,,Collin & Denton county,(972) 596-0253,https://minniesfoodpantry.org/get-help/,2026-09-28
Storehouse of Collin County,1401 Mira Vista Blvd,Plano,75093,33.021639,-96.819307,Tue & Thu 3:30-5pm; Wed 5:30-7pm (schedule online),yes,,,,(469) 385-1813,,2026-09-28
Seven Loaves Food Pantry,5801 W Plano Pkwy,Plano,75093,33.016842,-96.819392,Thu 4-7pm,yes,,,,(469) 385-1813,,
Salvation Army Plano,3528 E 14th St,Plano,75074,33.01459,-96.667387,"Mon, Wed, Fri 9am-1pm",,,,,(972) 423-8254,https://salvationarmyntx.org/north-texas/alleviate-hunger/,2026-09-28
Plano Food Pantry - Holy Nativity,2200 E 18th St,Plano,75074,33.023965,-96.68188,Mon-Fri 8:30am-4:30pm,yes,,,Plano ISD residents,,,2026-09-28
Assistance Center of Collin County,900 18th St,Plano,75074,33.023833,-96.702729,Mon-Fri 9am-4pm,yes,,,"Plano, Wylie",(972) 422-1850,,
AC Food Pantry & Thrift Store,,Plano,75074,,,Mon-Fri 10am-1pm,yes,,,Collin County,(972) 578-5730,,
God's Food Pantry,,Plano,75074,,,Tue-Sat 9am-12pm,,,,,(972) 633-9777,,
Life Source Inc.,,Plano,75074,,,Tue & Thu 10am-2pm,,,,,,,
Christ UMC Corner Pantry,3101 Coit Rd,Plano,75075,33.039384,-96.770153,Call for hours,,,,,,https://cumc.com/events/corner-pantry/,
Amazing Grace Food Pantry,1711 Parker Rd,Wylie,75098,33.039607,-96.5504,Call for hours,,,,,(972) 292-7241,https://www.amazinggracepantry.org,
Local Good Center,2201 K Ave,Plano,75074,33.02848,-96.699299,Call ahead for hours,,,,,,,
"Lovepacs pantry (kids, school breaks)",520 Lobo Ln,Little Elm,75068,33.152212,-96.942882,Mon & Fri 10am-4pm,,,,Frisco ISD / LISD students,,https://lovepacs.org,
